published_days,price,no_of_bedroom,property_size,price_per_square
30,455800,3,840,542.6190476
30,456265,2,840,543.172619
30,450000,2,840,535.7142857
30,448600,2,840,534.047619
3,398000,3,900,442.2222222
30,680000,3,1195,569.0376569
30,450010,3,850,529.4235294
25,305000,3,950,321.0526316
11,399000,3,940,424.4680851
13,150000,3,664,225.9036145
30,447800,3,850,526.8235294
30,462820,3,850,544.4941176
30,448300,4,850,527.4117647
30,448100,3,850,527.1764706
30,480000,3,1050,457.1428571
5,1200000,2,1650,727.2727273
30,461097,3,850,542.4670588
29,540000,3,1079,500.463392
30,550000,3,1050,523.8095238
30,550000,3,1079,509.7312326
30,801720,2,829,967.092883
30,550000,2,920,597.826087
30,485000,3,1070,453.271028
9,500000,3,1050,476.1904762
30,500000,3,1047,477.5549188
30,450000,2,854,526.9320843
30,410000,3,910,450.5494505
30,480000,3,1080,444.4444444
30,260000,3,800,325
4,650000,2,800,812.5
16,530000,3,1250,424
30,478000,3,1050,455.2380952
3,490000,3,1050,466.6666667
27,530000,3,1079,491.1955514
24,365000,3,975,374.3589744
30,310000,3,980,316.3265306
30,538000,3,1079,498.6098239
30,300000,3,806,372.2084367
30,499000,3,1062,469.8681733
30,340000,3,1006,337.972167
13,175000,2,570,307.0175439
30,148000,2,600,246.6666667
30,410000,3,920,445.6521739
30,388000,2,800,485
30,500000,3,1054,474.3833017
30,390000,2,850,458.8235294
30,853800,2,750,1138.4
30,350000,3,926,377.9697624
30,385000,3,920,418.4782609
30,330000,3,748,441.1764706
21,190000,3,650,292.3076923
30,380000,3,830,457.8313253
16,300000,3,732,409.8360656
24,450000,3,1015,443.3497537
30,650000,3,1227,529.7473513
30,1001300,3,864,1158.912037
30,378000,2,850,444.7058824
30,488000,3,1060,460.3773585
30,188000,3,650,289.2307692
24,400000,2,739,541.2719892
30,460000,3,1307,351.9510329
30,539888,3,1368,394.6549708
30,499000,3,1062,469.8681733
30,179000,3,600,298.3333333
30,175000,3,650,269.2307692
30,328000,1,610,537.704918
30,170000,3,873,194.7308133
30,169999,3,650,261.5369231
7,400000,3,1008,396.8253968
30,1380000,1,1300,1061.538462
30,390000,3,920,423.9130435
29,495000,3,1374,360.2620087
30,330000,3,935,352.9411765
30,455000,4,1000,455
30,535000,3,957,559.0386625
12,169000,3,650,260
30,440000,2,885,497.1751412
30,170000,3,873,194.7308133
30,1300000,5,2059,631.3744536
12,117000,2,603,194.0298507
30,1300000,5,2059,631.3744536
3,169000,3,650,260
30,330000,3,745,442.9530201
2,500000,3,1050,476.1904762
2,530000,3,1087,487.5804968
24,165000,3,741,222.6720648
30,464078,2,840,552.4738095
3,520000,3,1020,509.8039216
30,470800,3,923,510.0758397
30,428000,3,940,455.3191489
5,238000,3,770,309.0909091
30,150000,3,650,230.7692308
30,465800,2,840,554.5238095
24,405000,3,1013,399.8025666
11,405000,3,1013,399.8025666
30,530000,3,1050,504.7619048
30,530000,3,1280,414.0625
20,268000,3,950,282.1052632
11,457457,2,840,544.5916667
30,550000,3,1110,495.4954955
30,1050000,2,850,1235.294118
30,490000,4,1207,405.965203
30,480000,4,1142,420.3152364
3,189000,2,807,234.2007435
30,900000,3,1808,497.7876106
30,480000,4,910,527.4725275
30,850000,2,915,928.9617486
30,900000,2,947,950.3695882
30,400000,3,910,439.5604396
30,150000,3,650,230.7692308
19,480000,3,850,564.7058824
30,950000,2,883,1075.87769
11,379888,3,1079,352.0741427
30,390000,3,650,600
16,250000,3,785,318.4713376
24,130000,3,781,166.453265
30,388000,3,950,408.4210526
4,598000,4,1490,401.3422819
30,400000,3,926,431.9654428
30,130000,3,710,183.0985915
30,300000,3,980,306.122449
30,198000,3,630,314.2857143
30,370000,3,920,402.173913
2,838000,6,1500,558.6666667
30,1400000,3,1405,996.4412811
30,525000,3,1221,429.97543
30,130000,2,603,215.5887231
30,190000,2,841,225.921522
21,500000,3,1050,476.1904762
2,385000,3,1085,354.8387097
9,170000,3,665,255.6390977
30,389700,3,1097,355.2415679
7,389000,3,1060,366.9811321
13,220000,2,650,338.4615385
30,510000,2,920,554.3478261
11,366000,3,1066,343.3395872
30,422900,3,1037,407.8109932
30,387500,3,1045,370.8133971
30,370000,3,1043,354.7459252
14,220000,3,650,338.4615385
30,450000,3,1018,442.043222
6,230000,3,782,294.1176471
30,375000,3,1085,345.6221198
8,383870,3,1140,336.7280702
30,390000,2,675,577.7777778
24,348000,4,1600,217.5
19,380000,3,1104,344.2028986
12,370000,3,1140,324.5614035
30,395000,3,1130,349.5575221
30,436000,3,1066,409.0056285
13,408000,3,1010,403.960396
30,240000,3,650,369.2307692
24,330000,3,1021,323.2125367
11,388888,3,1048,371.0763359
26,429700,3,1018,422.1021611
6,380000,3,830,457.8313253
30,433000,3,1032,419.5736434
30,135000,2,600,225
30,446020,3,850,524.7294118
30,340000,3,833,408.1632653
30,480000,2,700,685.7142857
30,387600,3,1065,363.943662
30,386000,3,1039,371.5110683
30,430000,3,1142,376.5323993
30,410000,3,1080,379.6296296
29,250000,3,872,286.6972477
23,388880,3,1062,366.1770245
2,380500,3,1120,339.7321429
24,145000,3,843,172.004745
30,283050,3,995,284.4723618
30,990000,2,953,1038.824764
30,495000,1,849,583.0388693
30,420000,4,1000,420
16,173000,3,650,266.1538462
30,330000,3,950,347.3684211
30,459650,3,850,540.7647059
3,180000,2,662,271.9033233
24,202500,3,735,275.5102041
30,396000,3,1039,381.1357074
30,339000,3,650,521.5384615
30,460000,1,838,548.9260143
15,320000,3,936,341.8803419
4,333000,3,926,359.6112311
24,117000,3,710,164.7887324
4,300000,3,990,303.030303
24,190000,3,741,256.4102564
27,420000,3,913,460.0219058
2,380850,3,1070,355.9345794
30,373000,3,1040,358.6538462
29,589000,3,1050,560.952381
10,229700,3,947,242.5554382
30,320000,3,650,492.3076923
30,405000,3,1195,338.9121339
12,379600,3,1056,359.469697
24,117000,3,603,194.0298507
3,801000,4,1798,445.4949944
27,117000,2,603,194.0298507
24,290000,4,954,303.9832285
30,225000,3,753,298.8047809
10,440000,3,922,477.2234273
30,207000,3,775,267.0967742
30,277020,3,904,306.4380531
23,414000,3,926,447.0842333
5,145000,3,700,207.1428571
25,238000,2,650,366.1538462
30,339000,3,650,521.5384615
30,370000,2,800,462.5
30,360000,2,800,450
30,469800,3,1161,404.6511628
24,390000,3,914,426.6958425
30,520000,3,1276,407.523511
30,565000,3,1010,559.4059406
5,550000,3,1035,531.4009662
30,230000,2,580,396.5517241
30,420000,3,1000,420
30,450000,4,1650,272.7272727
30,380000,3,950,400
30,410000,2,825,496.969697
30,500000,2,920,543.4782609
30,538000,2,774,695.0904393
30,403500,5,2196,183.7431694
30,320000,2,780,410.2564103
30,630000,3,1400,450
30,570000,3,1010,564.3564356
30,190000,3,670,283.5820896
30,470000,2,920,510.8695652
30,185000,2,570,324.5614035
30,185000,3,650,284.6153846
30,530000,2,930,569.8924731
30,415000,3,927,447.6806904
30,480000,2,825,581.8181818
24,365000,3,930,392.4731183
14,818000,3,1700,481.1764706
30,500000,2,900,555.5555556
30,320000,3,806,397.0223325
30,172000,3,650,264.6153846
30,430000,3,920,467.3913043
5,270000,3,780,346.1538462
30,430000,4,1142,376.5323993
30,1290000,4,2059,626.5177271
30,420000,3,1018,412.5736739
24,380000,2,739,514.2083897
24,500000,3,1050,476.1904762
30,320000,3,806,397.0223325
30,760000,3,1600,475
30,299000,3,950,314.7368421
24,155000,3,754,205.5702918
30,385000,1,678,567.8466077
30,950000,4,1808,525.4424779
30,790000,3,1164,678.6941581
30,420000,4,1142,367.7758319
30,220000,2,570,385.9649123
30,306000,3,950,322.1052632
30,170000,3,650,261.5384615
30,600000,3,914,656.4551422
30,470000,1,719,653.6856745
30,340000,2,936,363.2478632
24,280000,3,992,282.2580645
30,430000,1,719,598.0528512
30,250000,3,1153,216.8256722
30,368000,1,619,594.5072698
30,450000,3,1120,401.7857143
26,450000,4,1142,394.0455342
24,423000,3,1280,330.46875
30,850000,3,1485,572.3905724
30,180000,3,669,269.058296
30,278000,3,860,323.255814
30,255000,3,1000,255
30,266000,3,910,292.3076923
24,238000,3,968,245.8677686
30,425000,2,825,515.1515152
10,488000,3,596,818.7919463
30,435000,3,926,469.762419
30,335000,2,967,346.4322647
30,170000,3,650,261.5384615
24,480000,1,775,619.3548387
30,359999,1,610,590.1622951
30,1100000,3,1125,977.7777778
30,148000,3,650,227.6923077
30,300000,3,807,371.7472119
24,358000,3,1029,347.9105928
30,530000,2,774,684.754522
9,350000,3,1168,299.6575342
30,305000,1,610,500
30,550000,2,920,597.826087
30,428000,1,719,595.27121
30,790000,4,2177,362.8847037
30,499000,2,900,554.4444444
30,140000,3,669,209.2675635
3,320000,4,1300,246.1538462
30,500000,2,900,555.5555556
30,550000,1,935,588.2352941
30,205000,3,760,269.7368421
30,719000,3,1500,479.3333333
30,1500000,3,2346,639.3861893
30,760000,3,1700,447.0588235
30,400000,3,980,408.1632653
30,500000,2,719,695.4102921
30,1100000,5,2678,410.7542942
30,950000,4,1661,571.9446117
30,202000,3,650,310.7692308
30,299000,1,610,490.1639344
30,535000,2,920,581.5217391
30,439000,2,719,610.5702364
30,608000,4,1798,338.1535039
30,390000,1,619,630.0484653
30,750000,4,1870,401.0695187
30,390000,3,810,481.4814815
30,480000,3,1050,457.1428571
4,590000,2,897,657.7480491
30,1350000,5,2988,451.8072289
26,475000,2,825,575.7575758
24,460000,1,775,593.5483871
30,720000,2,814,884.5208845
30,395000,3,925,427.027027
30,440000,3,1018,432.2200393
30,628000,4,2000,314
30,458000,3,1195,383.2635983
30,260000,3,953,272.8226653
30,560000,3,1250,448
30,750000,3,1700,441.1764706
30,500000,3,825,606.0606061
30,535000,5,2000,267.5
30,317000,3,810,391.3580247
30,143000,3,650,220
30,448000,3,1100,407.2727273
30,155000,3,650,238.4615385
30,480000,3,1050,457.1428571
24,399000,3,748,533.4224599
30,450000,4,1300,346.1538462
30,198000,4,924,214.2857143
30,430000,3,1162,370.0516351
30,368000,1,678,542.7728614
30,816000,3,1700,480
30,575000,4,1728,332.7546296
30,340000,1,610,557.3770492
30,270000,3,852,316.9014085
30,790000,3,1200,658.3333333
30,310000,1,610,508.1967213
30,395000,3,920,429.3478261
30,250000,3,780,320.5128205
30,1090000,4,1675,650.7462687
10,270000,3,830,325.3012048
30,450000,4,1142,394.0455342
7,338000,3,780,433.3333333
30,550000,4,1364,403.2258065
30,130000,2,665,195.4887218
30,465000,4,1142,407.1803853
27,550000,1,985,558.3756345
30,450000,3,850,529.4117647
30,130000,2,665,195.4887218
30,408000,2,854,477.7517564
10,650000,4,2000,325
30,480000,3,1096,437.9562044
30,570000,1,774,736.4341085
30,355000,1,603,588.7230514
24,245000,3,853,287.2215709
30,275000,3,780,352.5641026
30,658000,4,1988,330.9859155
30,730000,4,1054,692.5996205
30,1200000,4,1700,705.8823529
30,395000,2,825,478.7878788
20,180000,3,723,248.9626556
30,870000,4,1808,481.1946903
30,265000,3,660,401.5151515
30,250000,3,780,320.5128205
30,450000,3,1209,372.2084367
30,465000,3,1142,407.1803853
30,399388,3,819,487.6532357
30,474000,4,1800,263.3333333
30,535000,3,1364,392.228739
30,575000,3,897,641.025641
30,650000,2,920,706.5217391
30,480000,4,1850,259.4594595
30,390000,3,920,423.9130435
30,550000,4,1598,344.1802253
30,430000,3,1018,422.3968566
30,390000,3,819,476.1904762
30,285000,3,780,365.3846154
30,325000,3,950,342.1052632
30,250000,3,667,374.8125937
30,430000,3,1142,376.5323993
30,335000,3,750,446.6666667
30,560000,3,969,577.9153767
30,260000,3,941,276.3018066
22,420000,3,975,430.7692308
30,600000,2,980,612.244898
30,405000,3,927,436.8932039
10,650000,1,985,659.8984772
30,1350000,6,2550,529.4117647
30,479000,3,1018,470.5304519
30,1080000,5,2691,401.3377926
30,1250000,3,1808,691.3716814
30,355000,3,950,373.6842105
30,620000,2,720,861.1111111
6,500000,4,1368,365.497076
30,1050000,3,1808,580.7522124
3,390000,3,950,410.5263158
30,750000,3,1164,644.3298969
30,680000,3,1128,602.8368794
30,238000,3,650,366.1538462
30,460000,3,1007,456.8023833
30,818000,3,1700,481.1764706
30,569000,3,1010,563.3663366
30,320000,3,748,427.8074866
30,333000,3,950,350.5263158
30,640000,4,1200,533.3333333
30,610000,3,897,680.0445931
30,660000,3,1054,626.1859583
30,545000,4,1364,399.5601173
30,530000,2,774,684.754522
30,395000,2,825,478.7878788
10,390000,3,819,476.1904762
30,335000,1,610,549.1803279
30,425000,2,885,480.2259887
30,300000,3,810,370.3703704
30,630000,3,913,690.0328587
30,349000,1,610,572.1311475
30,439000,2,719,610.5702364
30,470000,3,1096,428.8321168
30,435000,2,825,527.2727273
30,850000,4,1700,500
30,530000,3,922,574.8373102
30,580000,2,897,646.599777
25,300000,1,610,491.8032787
30,369999,1,619,597.7366721
30,1699999,4,1800,944.4438889
13,300000,2,950,315.7894737
30,430000,3,1163,369.733448
30,475000,3,950,500
30,570000,2,920,619.5652174
30,495000,4,1142,433.4500876
3,520000,3,1050,495.2380952
30,440000,4,1142,385.2889667
30,325000,3,800,406.25
30,990000,4,1672,592.1052632
30,610000,3,800,762.5
30,640000,2,700,914.2857143
21,350000,3,950,368.4210526
30,540000,3,1050,514.2857143
30,480000,3,1018,471.5127701
30,580000,3,920,630.4347826
30,698000,2,1127,619.3433895
30,1150000,3,1808,636.0619469
30,465000,4,1142,407.1803853
30,390000,3,926,421.1663067
9,450000,3,1142,394.0455342
30,320000,1,610,524.5901639
30,750000,3,1485,505.0505051
30,460000,2,719,639.7774687
30,398000,3,926,429.8056156
30,455000,3,1018,446.9548134
30,300000,1,619,484.6526656
30,850000,3,1485,572.3905724
30,490000,2,920,532.6086957
30,298000,1,619,481.4216478
30,1000000,4,2100,476.1904762
30,330000,3,950,347.3684211
5,600000,3,1580,379.7468354
30,360000,3,950,378.9473684
30,800000,3,1272,628.9308176
30,640000,4,1200,533.3333333
3,801000,3,1798,445.4949944
30,378000,3,1032,366.2790698
30,600000,2,897,668.8963211
30,970000,3,1808,536.5044248
30,295000,1,619,476.5751212
30,630000,2,750,840
30,460000,3,1142,402.8021016
30,420000,3,950,442.1052632
6,470000,3,1018,461.6895874
30,365000,3,800,456.25
30,310000,3,950,326.3157895
30,600000,4,1364,439.8826979
30,170000,2,570,298.245614
30,360000,3,950,378.9473684
30,448000,4,1142,392.2942207
30,900000,3,1808,497.7876106
30,330000,3,950,347.3684211
30,485000,3,1080,449.0740741
30,1100000,4,1700,647.0588235
30,510000,2,720,708.3333333
30,425000,3,970,438.1443299
30,190000,3,760,250
30,780000,3,1485,525.2525253
9,358000,3,1104,324.2753623
30,460000,3,1174,391.8228279
30,650000,2,897,724.6376812
30,350000,1,610,573.7704918
30,680000,4,1054,645.1612903
30,288000,3,780,369.2307692
30,599000,3,1066,561.9136961
28,320000,3,1023,312.8054741
30,650000,3,1450,448.2758621
30,480000,3,1116,430.1075269
30,500000,3,1250,400
30,310000,3,950,326.3157895
30,660000,3,1450,455.1724138
30,650000,3,914,711.1597374
30,580000,2,920,630.4347826
30,630000,3,1450,434.4827586
30,820000,3,1389,590.3527718
30,480000,3,1050,457.1428571
30,400000,2,854,468.3840749
30,380000,2,693,548.3405483
30,168000,3,650,258.4615385
30,520000,3,1121,463.8715433
30,925000,3,1808,511.6150442
30,438000,3,950,461.0526316
30,855000,3,1485,575.7575758
30,780000,3,1164,670.1030928
30,620000,3,914,678.3369803
30,328000,3,780,420.5128205
30,1000000,4,1675,597.0149254
30,330000,3,950,347.3684211
30,431238,3,819,526.5421245
30,460000,3,1018,451.8664047
30,800000,3,1485,538.7205387
30,320000,3,1173,272.8047741
30,780000,3,1272,613.2075472
30,298000,3,780,382.0512821
30,250000,3,785,318.4713376
30,400000,3,950,421.0526316
10,368000,2,936,393.1623932
9,330000,3,748,441.1764706
30,428000,4,1142,374.7810858
30,418000,4,1142,366.0245184
30,345000,3,1023,337.2434018
3,330000,3,950,347.3684211
30,405000,3,920,440.2173913
30,450000,2,825,545.4545455
30,680000,3,1200,566.6666667
30,929000,4,1661,559.3016255
30,401000,3,1000,401
30,460000,4,1142,402.8021016
30,420000,2,825,509.0909091
30,330000,3,820,402.4390244
17,520000,1,689,754.7169811
30,300000,3,780,384.6153846
30,420000,3,950,442.1052632
30,428000,2,719,595.27121
30,535000,4,1364,392.228739
30,330000,3,950,347.3684211
30,800000,3,1272,628.9308176
15,680000,4,1054,645.1612903
30,590000,3,871,677.3823192
30,680000,3,979,694.5863126
30,790000,3,1164,678.6941581
30,520000,2,774,671.8346253
15,650000,4,979,663.9427988
16,650000,4,974,667.3511294
30,590000,3,914,645.5142232
30,420000,3,1142,367.7758319
30,273000,3,858,318.1818182
30,480000,3,1050,457.1428571
30,440000,2,852,516.4319249
30,700000,2,1127,621.1180124
30,288000,3,780,369.2307692
30,575000,3,871,660.1607348
30,320000,3,780,410.2564103
30,350000,3,1023,342.1309873
30,790000,3,1125,702.2222222
30,400000,2,825,484.8484848
30,320000,3,750,426.6666667
30,350000,3,950,368.4210526
30,520000,3,1307,397.8576894
30,288000,3,967,297.8283351
30,713000,3,1600,445.625
30,370000,2,985,375.6345178
30,700000,3,1450,482.7586207
30,480000,3,1050,457.1428571
30,348000,3,950,366.3157895
30,900000,3,1225,734.6938776
30,370000,3,750,493.3333333
27,385000,3,1305,295.0191571
30,480000,3,1195,401.6736402
30,440000,3,1046,420.6500956
30,990000,4,1672,592.1052632
30,1020000,4,1672,610.0478469
30,280000,2,950,294.7368421
30,530000,3,1010,524.7524752
30,600000,2,803,747.1980075
30,450000,4,1142,394.0455342
30,460000,3,1018,451.8664047
30,318000,2,732,434.4262295
30,630000,3,897,702.3411371
30,850000,3,1700,500
30,530000,3,1010,524.7524752
30,880000,3,1808,486.7256637
14,390000,3,819,476.1904762
30,460000,4,1142,402.8021016
30,315000,2,732,430.3278689
30,270000,3,780,346.1538462
30,360000,3,943,381.7603393
30,400000,2,885,451.9774011
30,390000,1,526,741.4448669
30,530000,2,774,684.754522
30,490000,3,1050,466.6666667
12,355000,3,950,373.6842105
30,355000,3,950,373.6842105
30,420000,2,752,558.5106383
9,640000,5,1200,533.3333333
30,888888,4,1661,535.1523179
30,550000,1,950,578.9473684
30,380000,3,943,402.9692471
30,490000,3,1142,429.0718039
30,455000,3,1142,398.4238179
30,368000,3,950,387.3684211
30,490026,3,850,576.5011765
30,750000,3,1500,500
30,950000,4,1608,590.7960199
30,733000,3,1389,527.7177826
27,400000,1,610,655.7377049
30,323000,3,650,496.9230769
30,430000,2,936,459.4017094
30,285000,3,861,331.010453
20,330000,3,1125,293.3333333
30,530000,4,1364,388.5630499
30,548000,3,922,594.3600868
30,338000,3,810,417.2839506
30,388000,3,921,421.2812161
30,495000,2,720,687.5
30,398000,3,925,430.2702703
12,426000,3,819,520.1465201
30,168000,3,650,258.4615385
30,560000,2,920,608.6956522
30,490000,3,1050,466.6666667
30,255000,3,780,326.9230769
30,350000,2,950,368.4210526
30,450000,3,950,473.6842105
30,330000,3,950,347.3684211
30,410000,3,950,431.5789474
30,500000,4,900,555.5555556
30,510000,3,920,554.3478261
30,318000,2,970,327.8350515
30,420000,4,1142,367.7758319
30,420000,2,825,509.0909091
30,505000,3,1050,480.952381
29,438000,3,969,452.0123839
30,730000,3,1450,503.4482759
30,580000,2,920,630.4347826
7,385000,3,990,388.8888889
30,1170000,4,1675,698.5074627
30,310000,2,732,423.4972678
30,368000,3,943,390.2439024
30,750000,3,1700,441.1764706
30,1130000,3,1125,1004.444444
30,368000,3,943,390.2439024
30,460000,3,1076,427.5092937
30,249318,3,904,275.7942478
30,435000,2,854,509.3676815
30,499000,4,1320,378.030303
30,580000,3,897,646.599777
30,600000,3,941,637.6195537
30,520000,5,1200,433.3333333
30,495000,3,1050,471.4285714
30,399000,3,1060,376.4150943
30,320000,3,775,412.9032258
30,350000,3,950,368.4210526
30,420000,2,825,509.0909091
30,358000,3,1023,349.9511241
30,500000,2,698,716.3323782
30,959000,4,1672,573.5645933
30,510000,3,1050,485.7142857
30,500000,2,920,543.4782609
30,400000,2,825,484.8484848
30,450000,3,1106,406.8716094
27,340000,1,610,557.3770492
30,480000,3,1116,430.1075269
30,525000,3,1018,515.7170923
30,320000,3,1099,291.1737944
30,520000,4,1368,380.1169591
30,530000,2,950,557.8947368
30,380000,3,914,415.7549234
30,900000,3,1808,497.7876106
30,299000,3,754,396.5517241
30,170000,3,665,255.6390977
30,850000,3,1700,500
30,330000,1,619,533.1179321
30,551200,2,689,800
30,760000,3,1808,420.3539823
30,450000,3,1001,449.5504496
30,405000,2,854,474.2388759
30,658000,3,1450,453.7931034
30,380000,3,1150,330.4347826
30,380000,3,819,463.980464
30,410000,3,925,443.2432432
30,488000,3,1018,479.3713163
30,320000,2,732,437.1584699
30,430000,3,1050,409.5238095
30,396000,3,1173,337.5959079
30,430000,3,950,452.6315789
30,270000,3,780,346.1538462
30,430000,3,1104,389.4927536
19,498000,3,1142,436.0770578
30,420000,2,850,494.1176471
30,570000,3,1364,417.888563
30,550000,2,920,597.826087
30,350000,1,610,573.7704918
30,358000,3,950,376.8421053
30,288000,3,780,369.2307692
30,580000,3,897,646.599777
30,680000,2,914,743.9824945
30,548000,3,922,594.3600868
30,416000,2,1060,392.4528302
30,480000,3,1050,457.1428571
30,547000,4,1000,547
30,395000,3,915,431.6939891
30,628888,3,915,687.3092896
30,890000,3,1808,492.2566372
30,388000,2,975,397.9487179
30,477000,3,850,561.1764706
30,695000,2,920,755.4347826
28,750000,3,1119,670.2412869
30,278000,3,980,283.6734694
30,630000,3,914,689.2778993
30,448000,3,1018,440.0785855
30,1000000,3,1808,553.0973451
30,467000,3,840,555.952381
30,483000,2,840,575
30,460000,2,840,547.6190476
30,468600,2,840,557.8571429
30,670000,2,797,840.6524467
30,673080,3,1195,563.2468619
30,465088,2,840,553.6761905
30,490384,3,840,583.7904762
30,463500,2,840,551.7857143
30,1293096,4,2482,520.9895246
30,465700,2,840,554.4047619
30,468096,2,840,557.2571429
30,522096,2,893,584.6539754
30,672080,3,1195,562.4100418
30,464780,2,840,553.3095238
30,671080,3,1195,561.5732218
30,481085,3,840,572.7202381
30,448700,2,840,534.1666667
30,488800,3,840,581.9047619
30,466800,3,840,555.7142857
30,455800,2,840,542.6190476
30,468800,2,840,558.0952381
30,467850,2,840,556.9642857
30,463880,2,840,552.2380952
30,410000,4,1101,372.3887375
30,549800,2,689,797.9680697
30,1478000,3,1556,949.8714653
30,545000,3,1082,503.6968577
30,325000,3,950,342.1052632
6,418000,2,1023,408.6021505
30,450000,3,1018,442.043222
30,650000,2,814,798.5257985
30,580000,2,920,630.4347826
5,500000,1,985,507.6142132
30,558000,2,803,694.8941469
30,445000,3,1305,340.9961686
30,560000,3,922,607.3752711
30,400000,3,950,421.0526316
30,530000,2,985,538.071066
30,450000,3,1142,394.0455342
5,801000,3,1798,445.4949944
30,275000,3,980,280.6122449
5,180000,1,662,271.9033233
30,408000,2,1080,377.7777778
30,420000,2,1060,396.2264151
30,430000,4,1142,376.5323993
30,1200000,3,1223,981.1937858
30,480000,4,1142,420.3152364
30,474336,2,689,688.4412192
30,480000,2,689,696.6618287
19,390000,3,1324,294.5619335
30,735000,3,1389,529.1576674
30,300000,1,610,491.8032787
30,125000,2,585,213.6752137
30,288000,3,810,355.5555556
30,479000,2,840,570.2380952
30,345000,3,1023,337.2434018
30,450000,4,1142,394.0455342
30,1190000,3,1223,973.0171709
30,590000,3,1400,421.4285714
30,530000,4,1364,388.5630499
16,300000,3,780,384.6153846
30,500000,4,1364,366.568915
30,1100000,3,1125,977.7777778
30,450000,3,1018,442.043222
30,467000,3,1195,390.7949791
30,450000,4,1142,394.0455342
30,460000,2,840,547.6190476
22,616000,2,797,772.8983689
30,630000,3,1054,597.7229602
30,450000,3,900,500
30,780000,3,1485,525.2525253
30,450000,3,1020,441.1764706
30,255000,3,780,326.9230769
30,388000,3,1029,377.0651118
30,480000,4,1142,420.3152364
30,310000,3,820,378.0487805
30,599000,2,914,655.3610503
30,425000,3,920,461.9565217
11,160000,2,570,280.7017544
30,590000,3,897,657.7480491
30,250000,3,780,320.5128205
30,315000,3,810,388.8888889
30,478000,3,850,562.3529412
30,395000,2,825,478.7878788
30,480000,3,1050,457.1428571
30,348000,3,872,399.0825688
30,489000,3,958,510.4384134
30,485000,4,1142,424.6935201
30,480000,3,1018,471.5127701
30,430000,3,1115,385.6502242
30,580000,3,897,646.599777
30,368000,3,1106,332.7305606
30,425000,3,925,459.4594595
30,538000,3,1010,532.6732673
30,370000,3,1104,335.1449275
30,450000,4,1307,344.2999235
30,445000,3,1018,437.1316306
30,480000,4,1142,420.3152364
30,435000,3,1142,380.910683
30,430000,1,719,598.0528512
30,700000,3,1438,486.7872045
30,439000,1,719,610.5702364
30,480000,2,689,696.6618287
22,460000,2,689,667.6342525
30,1150000,3,1808,636.0619469
24,378000,3,1158,326.4248705
15,298000,3,950,313.6842105
30,248000,3,780,317.9487179
30,367000,3,943,389.1834571
30,320000,1,619,516.9628433
30,355000,3,950,373.6842105
30,370000,1,678,545.7227139
30,390000,3,920,423.9130435
24,443000,3,1104,401.2681159
30,475000,2,689,689.4049347
30,550000,2,920,597.826087
30,278000,3,980,283.6734694
12,324000,2,650,498.4615385
30,498000,3,850,585.8823529
29,470000,2,689,682.1480406
30,355000,3,950,373.6842105
30,350000,1,678,516.2241888
30,480000,2,920,521.7391304
11,150000,2,570,263.1578947
30,425000,2,825,515.1515152
30,368000,3,950,387.3684211
30,730000,3,1054,692.5996205
30,420000,3,921,456.0260586
30,873000,4,1661,525.5869958
30,300000,3,950,315.7894737
30,880000,3,1771,496.8944099
30,1100000,4,1608,684.079602
30,330000,2,650,507.6923077
30,385000,3,819,470.0854701
30,688000,2,920,747.826087
27,475000,2,689,689.4049347
30,255000,3,780,326.9230769
30,320000,3,960,333.3333333
30,950000,3,1808,525.4424779
30,1399000,5,2059,679.4560466
30,410000,3,914,448.5776805
30,810000,3,1272,636.7924528
30,500000,3,1050,476.1904762
30,315000,3,817,385.5569155
30,588000,3,897,655.5183946
30,518000,2,920,563.0434783
30,640000,3,979,653.7282942
30,950000,4,1661,571.9446117
30,520000,2,774,671.8346253
21,615000,2,797,771.6436637
30,333000,3,926,359.6112311
30,440000,2,900,488.8888889
30,528000,2,774,682.1705426
22,816800,3,1023,798.4359726
30,349000,3,592,589.527027
21,769000,3,1023,751.7106549
30,1200000,3,1808,663.7168142
30,450000,2,719,625.8692629
30,468000,3,1018,459.7249509
11,520000,3,969,536.6357069
30,340000,3,950,357.8947368
30,480000,3,1050,457.1428571
30,450000,3,1080,416.6666667
30,510000,3,922,553.1453362
30,800000,3,1272,628.9308176
30,433000,1,719,602.2253129
30,410000,2,825,496.969697
30,325000,3,1023,317.6930596
30,185000,3,650,284.6153846
30,170000,3,650,261.5384615
30,950000,4,1675,567.1641791
30,680000,3,1500,453.3333333
30,490000,3,958,511.4822547
30,700000,2,814,859.95086
30,450000,3,1018,442.043222
30,380000,3,943,402.9692471
3,348000,3,1100,316.3636364
30,155000,3,650,238.4615385
21,489000,1,689,709.724238
30,558896,4,1000,558.896
30,390000,3,1029,379.0087464
30,160000,3,650,246.1538462
30,550000,3,1142,481.6112084
30,428000,1,719,595.27121
30,410000,2,825,496.969697
30,400000,2,825,484.8484848
30,398000,3,950,418.9473684
3,300000,3,950,315.7894737
30,635000,2,897,707.9152731
30,308000,3,967,318.5108583
30,490000,3,840,583.3333333
30,1230000,4,2059,597.3773677
30,650000,3,1054,616.6982922
30,620000,3,1364,454.5454545
30,550000,3,922,596.5292842
30,470000,3,1018,461.6895874
30,388000,3,1029,377.0651118
30,200000,3,800,250
30,980000,3,1808,542.0353982
30,388000,3,921,421.2812161
30,550000,3,1364,403.2258065
27,680000,3,1450,468.9655172
30,588000,3,1550,379.3548387
30,330000,3,950,347.3684211
30,530000,1,774,684.754522
30,372000,3,1070,347.6635514
30,818000,3,1272,643.081761
23,165000,3,650,253.8461538
30,630000,3,1054,597.7229602
30,460000,3,1142,402.8021016
30,600000,3,947,633.5797254
30,318000,3,805,395.0310559
9,394000,3,819,481.0744811
18,480000,3,850,564.7058824
30,450000,3,1104,407.6086957
30,479000,3,1050,456.1904762
30,520000,2,774,671.8346253
30,510000,2,774,658.9147287
30,616000,2,797,772.8983689
30,1400000,5,2059,679.9417193
30,620000,3,914,678.3369803
30,796000,3,1485,536.026936
30,410000,3,1115,367.7130045
30,485000,3,1142,424.6935201
30,460000,3,1142,402.8021016
30,650000,3,1450,448.2758621
30,480000,3,1142,420.3152364
30,550000,3,1121,490.6333631
30,528000,3,1018,518.6640472
30,330000,3,1021,323.2125367
30,530000,4,1364,388.5630499
30,450000,3,1018,442.043222
30,480000,3,1010,475.2475248
30,499900,4,1142,437.7408056
30,450000,3,1142,394.0455342
30,388000,3,1158,335.0604491
30,510000,3,1010,504.950495
21,328000,3,1100,298.1818182
30,485000,4,1142,424.6935201
30,710000,3,1700,417.6470588
30,530000,3,1364,388.5630499
30,468096,2,840,557.2571429
30,460000,2,840,547.6190476
30,670000,3,1195,560.6694561
30,673096,3,1195,563.260251
30,555000,2,720,770.8333333
30,520000,2,720,722.2222222
30,555000,2,720,770.8333333
30,667800,2,797,837.8920954
30,440000,3,1018,432.2200393
30,480000,4,1142,420.3152364
30,558000,4,1000,558
30,685000,3,969,706.9143447
30,530000,2,774,684.754522
30,549800,2,689,797.9680697
30,360000,3,1023,351.9061584
30,509000,3,850,598.8235294
30,620000,3,920,673.9130435
30,480000,3,1050,457.1428571
22,530000,2,774,684.754522
30,680000,3,1500,453.3333333
30,450000,3,1018,442.043222
30,480000,3,1050,457.1428571
30,405000,3,920,440.2173913
30,473888,2,840,564.152381
29,430000,3,920,467.3913043
30,590000,3,914,645.5142232
30,470000,2,689,682.1480406
30,980000,3,1808,542.0353982
30,478000,3,1018,469.5481336
30,390500,3,943,414.1039236
30,280000,3,780,358.974359
30,450000,2,710,633.8028169
30,530000,4,1365,388.2783883
30,425000,2,1072,396.4552239
30,430000,2,854,503.5128806
30,350000,3,1106,316.4556962
30,518000,3,1018,508.8408644
17,500000,3,902,554.3237251
30,469000,3,1018,460.7072692
30,549800,2,689,797.9680697
30,438000,3,1018,430.2554028
30,1180000,3,1808,652.6548673
30,1000000,3,1808,553.0973451
30,350000,1,670,522.3880597
30,598000,3,914,654.2669584
30,430000,2,825,521.2121212
30,508000,3,1010,502.970297
30,575000,3,1018,564.8330059
30,630000,2,803,784.5579078
30,260000,3,980,265.3061224
30,445000,3,1018,437.1316306
30,428000,3,1005,425.8706468
30,430000,3,1060,405.6603774
30,390000,3,950,410.5263158
30,928000,3,1800,515.5555556
30,449999,1,719,625.867872
30,560000,3,1121,499.5539697
23,338000,3,950,355.7894737
30,816800,3,1023,798.4359726
30,348000,3,950,366.3157895
30,428000,3,1200,356.6666667
30,500000,2,920,543.4782609
30,380000,3,1200,316.6666667
13,458000,1,527,869.0702087
30,980000,3,1808,542.0353982
30,490000,3,1142,429.0718039
30,300000,1,610,491.8032787
30,627966,4,1000,627.966
30,335000,3,798,419.7994987
30,450000,3,850,529.4117647
30,390000,3,950,410.5263158
30,475000,3,1018,466.6011788
30,448000,3,1000,448
30,530000,4,1000,530
30,550000,3,920,597.826087
30,350000,3,947,369.5881732
30,756888,3,1195,633.3790795
30,397000,3,943,420.9968187
30,499000,3,1100,453.6363636
30,549800,2,689,797.9680697
30,300000,3,810,370.3703704
30,390000,3,943,413.573701
30,643800,2,807,797.7695167
30,350000,3,1106,316.4556962
30,542888,2,840,646.2952381
4,418000,3,1119,373.5478105
30,480000,3,850,564.7058824
30,395000,2,825,478.7878788
30,650000,4,1200,541.6666667
24,800000,3,1272,628.9308176
30,368000,1,619,594.5072698
30,372400,3,943,394.9098621
30,899000,3,1485,605.3872054
30,399000,2,1060,376.4150943
30,479000,3,1018,470.5304519
30,475000,2,719,660.6397775
30,372400,3,943,394.9098621
30,435000,4,850,511.7647059
30,720000,3,979,735.4443309
30,586000,4,1000,586
30,670000,2,814,823.0958231
30,450000,4,850,529.4117647
30,750000,5,1700,441.1764706
30,360000,3,1020,352.9411765
30,320000,3,817,391.6768666
30,450000,3,1207,372.8251864
30,220000,3,853,257.9132474
30,398000,2,1072,371.2686567
30,415000,3,1119,370.8668454
30,680000,5,1500,453.3333333
17,390000,3,980,397.9591837
30,140000,3,669,209.2675635
30,500000,3,1207,414.2502071
30,320000,3,750,426.6666667
30,475000,2,689,689.4049347
30,700000,2,814,859.95086
30,460000,3,1022,450.0978474
30,430000,4,1142,376.5323993
30,447060,3,850,525.9529412
30,450000,3,1018,442.043222
30,483080,3,850,568.3294118
13,620000,4,1000,620
30,434546,3,850,511.2305882
30,485800,3,850,571.5294118
23,350000,3,1200,291.6666667
30,450000,3,1142,394.0455342
30,580000,3,1250,464
30,490000,3,1050,466.6666667
30,426800,3,850,502.1176471
30,450000,3,850,529.4117647
30,460000,2,885,519.7740113
30,422000,3,850,496.4705882
30,450000,4,850,529.4117647
30,449000,2,800,561.25
30,424086,3,850,498.9247059
30,559000,3,897,623.1884058
30,800000,3,1272,628.9308176
30,555000,2,720,770.8333333
30,495000,3,957,517.2413793
30,355000,3,819,433.4554335
30,520000,3,1018,510.805501
30,480000,4,1142,420.3152364
30,399000,3,1162,343.373494
30,435000,3,650,669.2307692
30,575000,3,1010,569.3069307
30,448000,4,1142,392.2942207
29,648000,3,1450,446.8965517
30,390000,1,650,600
30,490000,4,1142,429.0718039
30,726000,3,1054,688.8045541
30,438888,3,819,535.8827839
18,470000,3,1142,411.558669
30,495000,3,965,512.9533679
30,424000,3,1000,424
30,538000,2,774,695.0904393
30,479076,3,850,563.6188235
30,320000,3,950,336.8421053
30,510000,2,774,658.9147287
30,330000,1,657,502.283105
30,350000,2,650,538.4615385
30,678000,3,1054,643.2637571
30,550000,3,871,631.4580941
30,887000,3,1164,762.0274914
30,482020,4,850,567.0823529
30,427800,3,850,503.2941176
30,390000,3,1060,367.9245283
30,493900,3,850,581.0588235
30,495000,3,1018,486.2475442
30,450000,3,1142,394.0455342
30,900000,3,1808,497.7876106
30,918000,3,1272,721.6981132
23,440000,3,1018,432.2200393
30,483000,3,850,568.2352941
30,350888,3,650,539.8276923
30,495000,3,1018,486.2475442
30,535000,3,1050,509.5238095
30,478058,3,850,562.4211765
30,395000,2,825,478.7878788
30,525000,3,1050,500
30,461097,3,850,542.4670588
30,560000,3,922,607.3752711
16,320000,2,936,341.8803419
30,1050000,4,1675,626.8656716
26,650000,3,1389,467.962563
30,483003,3,850,568.2388235
30,479096,3,850,563.6423529
13,280000,3,935,299.4652406
30,461097,3,850,542.4670588
19,178200,3,732,243.442623
9,249318,3,904,275.7942478
30,450006,2,850,529.4188235
30,620000,2,920,673.9130435
30,483096,3,850,568.3482353
30,486006,3,850,571.7717647
30,450006,3,850,529.4188235
30,355000,3,900,394.4444444
27,580097,4,1000,580.097
30,486096,3,850,571.8776471
30,400000,3,1060,377.3584906
30,483009,3,850,568.2458824
30,495000,4,1320,375
30,318000,3,960,331.25
30,788000,3,1277,617.0712608
30,925000,4,1808,511.6150442
26,440000,3,926,475.161987
30,399000,3,830,480.7228916
30,480000,3,1161,413.4366925
30,375000,3,936,400.6410256
30,568000,3,1142,497.3730298
30,205000,2,750,273.3333333
30,680000,3,1500,453.3333333
30,460000,3,1152,399.3055556
30,388000,3,1120,346.4285714
30,389000,3,922,421.9088937
30,150000,3,650,230.7692308
30,410000,3,966,424.4306418
30,330000,3,905,364.640884
30,229000,2,678,337.7581121
30,855000,4,1485,575.7575758
27,550888,4,1368,402.6959064
30,520000,3,1211,429.3971924
30,408000,3,1072,380.5970149
3,390000,3,1100,354.5454545
15,455000,3,840,541.6666667
30,440000,2,825,533.3333333
30,185000,3,650,284.6153846
30,500000,3,1010,495.049505
18,450800,3,850,530.3529412
30,470000,2,797,589.7114178
12,450288,3,850,529.7505882
23,349000,1,689,506.5312046
30,1450000,6,2798,518.2273052
30,390000,2,1080,361.1111111
30,360000,3,830,433.7349398
30,378000,3,926,408.2073434
30,430000,2,719,598.0528512
30,319000,3,810,393.8271605
30,370000,3,920,402.173913
30,370000,1,526,703.4220532
30,480000,3,1000,480
30,700000,3,1492,469.1689008
30,1300000,4,1700,764.7058824
20,525000,3,1276,411.4420063
30,530000,3,920,576.0869565
30,368000,1,610,603.2786885
30,789000,3,1611,489.7579143
30,380000,3,830,457.8313253
30,472000,2,800,590
30,430000,1,719,598.0528512
30,360000,3,950,378.9473684
30,470000,3,1023,459.4330401
30,260000,3,780,333.3333333
30,500000,2,840,595.2380952
14,450000,3,850,529.4117647
30,520000,4,1365,380.952381
30,538000,3,1250,430.4
30,1350000,4,2059,655.6580864
30,410000,3,1106,370.7052441
17,320000,3,936,341.8803419
26,450000,3,1060,424.5283019
25,438000,3,1185,369.6202532
30,405000,2,719,563.2823366
30,789000,3,1611,489.7579143
30,470000,3,1040,451.9230769
30,445000,3,1018,437.1316306
30,855000,3,1485,575.7575758
30,380000,3,979,388.1511747
15,830000,4,2600,319.2307692
30,418000,2,1060,394.3396226
30,470000,2,689,682.1480406
30,439000,3,850,516.4705882
30,520000,3,1195,435.1464435
30,420000,3,1082,388.1700555
30,599000,3,1200,499.1666667
30,630000,3,920,684.7826087
30,888000,3,1808,491.1504425
5,450000,3,850,529.4117647
5,450000,3,850,529.4117647
5,450000,3,850,529.4117647
5,450000,3,850,529.4117647
5,450000,3,850,529.4117647
30,428000,2,1072,399.2537313
30,420000,2,1072,391.7910448
30,380000,3,927,409.9244876
30,565000,3,1316,429.331307
30,450000,3,1369,328.7070855
30,528000,3,990,533.3333333
30,380000,3,922,412.1475054
30,430000,3,1100,390.9090909
30,649000,3,1269,511.4263199
30,299000,1,533,560.9756098
30,328000,3,922,355.7483731
30,550000,3,1316,417.9331307
30,420000,3,966,434.7826087
30,620000,3,1269,488.5736801
30,162000,3,650,249.2307692
30,675000,4,1269,531.9148936
30,520000,3,1142,455.3415061
30,450000,4,1207,372.8251864
25,310000,3,1021,303.6238981
30,390000,3,800,487.5
3,324000,3,1001,323.6763237
30,440000,4,1546,284.6054334
30,390000,3,1328,293.6746988
30,248000,3,856,289.7196262
30,450000,4,1207,372.8251864
30,618000,4,1368,451.754386
30,269000,3,938,286.7803838
30,440000,3,1008,436.5079365
30,330000,3,830,397.5903614
30,469000,4,1207,388.5666943
30,398000,3,800,497.5
30,525000,3,1368,383.7719298
30,520000,3,1266,410.7424961
30,350000,3,832,420.6730769
30,500000,3,1368,365.497076
30,520000,3,1316,395.1367781
30,470000,3,1161,404.8234281
30,200000,3,883,226.5005663
30,430000,2,719,598.0528512
30,590000,2,920,641.3043478
30,368000,1,678,542.7728614
30,600000,3,1200,500
30,620000,3,1400,442.8571429
30,550000,3,1276,431.0344828
30,590000,3,1400,421.4285714
30,560000,2,797,702.6348808
30,350000,3,830,421.686747
30,300000,1,533,562.8517824
30,698000,3,1453,480.3854095
30,750000,3,1127,665.4835847
2,801000,3,1808,443.0309735
2,278000,3,780,356.4102564
30,380000,3,950,400
30,330000,3,830,397.5903614
30,410000,3,950,431.5789474
30,325000,3,830,391.5662651
30,1450000,5,2798,518.2273052
30,707000,3,1227,576.202119
30,380000,3,950,400
30,319000,3,1023,311.827957
30,378000,3,820,460.9756098
30,645000,3,1269,508.2742317
30,539000,3,1227,439.2828036
30,398000,3,922,431.670282
30,270000,1,550,490.9090909
30,500000,3,1000,500
30,420000,3,1257,334.1288783
30,370000,3,1100,336.3636364
30,310000,3,790,392.4050633
30,330000,3,1515,217.8217822
30,340000,3,1006,337.972167
30,343000,3,1212,283.0033003
30,550000,3,1269,433.4121355
30,255000,3,867,294.1176471
30,265000,3,860,308.1395349
30,680000,3,1269,535.8550039
30,436000,3,1328,328.313253
30,1350000,5,2550,529.4117647
30,258000,4,806,320.0992556
30,270000,3,578,467.1280277
30,518000,3,1238,418.4168013
30,625000,3,1269,492.5137904
30,725000,4,1545,469.2556634
30,270000,3,1540,175.3246753
30,160000,3,656,243.902439
30,590000,3,1026,575.0487329
15,600000,3,916,655.0218341
30,450000,3,900,500
30,650000,3,1276,509.4043887
30,447000,3,900,496.6666667
30,389000,3,922,421.9088937
30,293000,3,883,331.8233296
30,599000,4,1550,386.4516129
30,660000,3,917,719.738277
30,210000,3,650,323.0769231
30,405000,3,922,439.2624729
30,280000,1,533,525.3283302
30,460000,3,1250,368
30,399000,3,927,430.420712
12,538000,3,990,543.4343434
30,525000,3,990,530.3030303
30,380000,3,820,463.4146341
30,408000,3,927,440.1294498
30,260000,3,980,265.3061224
30,700000,3,1545,453.0744337
30,630000,3,1269,496.4539007
30,229000,3,883,259.3431484
26,480000,3,1116,430.1075269
2,420000,2,825,509.0909091
30,490000,4,1207,405.965203
3,120000,3,604,198.6754967
3,324000,3,1001,323.6763237
25,520000,3,1266,410.7424961
30,780000,3,1611,484.1713222
25,460000,3,1161,396.2101637
30,265000,3,826,320.8232446
2,333000,3,925,360
30,470000,3,900,522.2222222
30,400000,3,900,444.4444444
2,324000,3,1001,323.6763237
30,195000,3,650,300
30,255000,3,780,326.9230769
30,333000,3,872,381.8807339
30,500000,3,1116,448.0286738
30,523566,3,850,615.96
30,270000,3,785,343.9490446
30,493000,3,958,514.6137787
30,750000,4,2400,312.5
30,600000,2,897,668.8963211
30,550000,3,1000,550
30,378000,2,1060,356.6037736
30,600000,1,985,609.1370558
30,320000,3,1023,312.8054741
30,228000,3,650,350.7692308
30,265000,3,861,307.7816492
30,999000,4,1661,601.4449127
30,340000,1,619,549.273021
30,520000,3,1173,443.3077579
30,530000,3,1195,443.5146444
13,360000,1,610,590.1639344
9,500000,3,1018,491.1591356
30,325000,2,675,481.4814815
30,275000,3,977,281.4738997
30,600000,2,897,668.8963211
25,510000,3,1076,473.9776952
30,480000,3,1064,451.1278195
30,580000,3,1010,574.2574257
30,480000,3,1184,405.4054054
30,539000,3,1010,533.6633663
30,429000,2,825,520
30,550000,3,850,647.0588235
30,415000,2,854,485.9484778
30,235000,3,800,293.75
30,208000,2,550,378.1818182
19,320000,2,810,395.0617284
30,210000,2,650,323.0769231
30,295000,3,950,310.5263158
30,283000,3,920,307.6086957
30,490000,3,1050,466.6666667
5,550000,2,774,710.5943152
30,265000,3,815,325.1533742
30,270000,3,910,296.7032967
9,850000,2,800,1062.5
30,360000,3,880,409.0909091
30,320000,2,680,470.5882353
23,280000,3,980,285.7142857
30,980000,3,1808,542.0353982
30,330000,3,980,336.7346939
30,450000,3,910,494.5054945
30,250000,3,600,416.6666667
5,330000,3,800,412.5
30,370000,3,1000,370
30,370000,3,1000,370
30,460000,3,900,511.1111111
30,360000,3,830,433.7349398
30,360000,3,1000,360
29,340000,4,850,400
30,180000,3,880,204.5454545
30,210000,3,600,350
30,250000,3,650,384.6153846
30,178000,3,500,356
30,155000,2,585,264.957265
30,600000,3,1685,356.0830861
30,445000,3,960,463.5416667
10,510000,2,700,728.5714286
30,130000,3,652,199.3865031
30,168000,3,680,247.0588235
30,440000,3,970,453.6082474
30,540000,3,1000,540
30,435000,3,850,511.7647059
29,380000,3,880,431.8181818
30,228000,3,650,350.7692308
30,238000,3,650,366.1538462
30,490000,4,1000,490
30,380000,2,695,546.7625899
30,450000,2,920,489.1304348
30,350000,2,695,503.5971223
30,320000,3,967,330.9203723
30,320000,3,1000,320
30,410000,3,880,465.9090909
30,368000,3,830,443.373494
30,328000,3,1000,328
30,338000,3,1216,277.9605263
30,435000,3,890,488.7640449
30,340000,3,800,425
30,365000,4,850,429.4117647
30,185000,2,700,264.2857143
30,290000,3,720,402.7777778
30,600000,3,800,750
11,490000,3,850,576.4705882
30,210000,3,600,350
11,470000,3,850,552.9411765
30,310000,3,1100,281.8181818
30,200000,2,580,344.8275862
30,388000,3,950,408.4210526
30,399000,2,1008,395.8333333
30,290000,3,880,329.5454545
30,445000,3,1000,445
30,670000,4,1315,509.5057034
30,330000,3,1138,289.9824253
30,380000,3,872,435.7798165
30,640000,2,750,853.3333333
30,420000,3,1173,358.056266
30,630000,3,897,702.3411371
30,230000,3,840,273.8095238
8,800000,3,936,854.7008547
15,320000,3,936,341.8803419
30,250000,3,680,367.6470588
30,120000,3,574,209.0592334
30,1200000,2,883,1359.003398
30,600000,2,961,624.3496358
30,255000,3,780,326.9230769
30,450000,3,970,463.9175258
30,380000,3,1104,344.2028986
30,479999,3,850,564.7047059
30,465000,3,910,510.989011
11,480000,3,850,564.7058824
30,479999,3,850,564.7047059
30,360000,3,1138,316.344464
30,660000,6,1500,440
30,589000,4,1200,490.8333333
30,285000,1,550,518.1818182
30,479999,3,850,564.7047059
30,393000,2,912,430.9210526
30,340000,3,810,419.7530864
30,1125000,3,1125,1000
30,345000,2,695,496.4028777
30,399000,3,1066,374.2964353
30,450000,2,850,529.4117647
10,400800,3,1000,400.8
30,260000,3,800,325
30,480000,3,1184,405.4054054
30,479999,3,850,564.7047059
30,145000,2,585,247.8632479
30,180000,3,685,262.7737226
19,628000,3,1304,481.595092
30,480000,3,910,527.4725275
5,450000,3,1173,383.6317136
30,400000,2,695,575.5395683
30,589000,4,1200,490.8333333
23,380000,3,1000,380
30,388000,3,950,408.4210526
30,900000,3,1125,800
30,250000,3,780,320.5128205
30,135000,2,500,270
30,250000,3,980,255.1020408
30,330000,3,850,388.2352941
30,310000,3,903,343.3001107
30,270000,3,755,357.615894
30,258000,3,700,368.5714286
30,378000,3,1000,378
30,549999,3,1000,549.999
30,130000,3,685,189.7810219
30,688000,3,1000,688
30,520000,3,850,611.7647059
30,545800,3,850,642.1176471
30,500000,3,850,588.2352941
30,549999,4,1000,549.999
30,380000,3,950,400
30,480000,1,769,624.1872562
30,479999,3,850,564.7047059
30,549999,4,1000,549.999
30,549999,4,1000,549.999
30,495800,3,850,583.2941176
30,348000,3,780,446.1538462
30,549999,4,1000,549.999
30,479999,3,850,564.7047059
30,379000,2,650,583.0769231
30,628000,2,897,700.1114827
30,549999,4,1000,549.999
30,479999,3,850,564.7047059
30,549999,4,1000,549.999
30,458000,3,810,565.4320988
30,549999,4,1000,549.999
24,458000,3,850,538.8235294
30,479999,3,850,564.7047059
30,360000,2,650,553.8461538
30,494800,3,850,582.1176471
30,310000,3,650,476.9230769
30,435000,3,810,537.037037
30,650000,2,750,866.6666667
30,360000,2,705,510.6382979
5,480000,4,1196,401.3377926
30,360000,3,910,395.6043956
30,610000,3,1200,508.3333333
30,1300000,6,2600,500
30,255000,3,1153,221.1621856
30,640000,4,1200,533.3333333
30,440000,3,1130,389.380531
30,680000,3,1450,468.9655172
30,540000,3,1288,419.2546584
30,430000,3,1018,422.3968566
30,520000,3,1288,403.7267081
30,869000,1,694,1252.161383
30,460000,3,850,541.1764706
30,410000,3,920,445.6521739
30,300000,2,695,431.6546763
30,502000,3,953,526.7576076
30,460000,3,850,541.1764706
30,398000,3,1066,373.358349
30,359000,3,959,374.3482795
30,668000,4,1200,556.6666667
30,950000,3,1808,525.4424779
30,531000,3,953,557.1878279
30,388000,3,920,421.7391304
26,449000,2,850,528.2352941
30,310000,3,1138,272.4077329
30,250000,3,880,284.0909091
30,328000,3,967,339.1933816
30,318000,3,967,328.85212
30,435800,3,850,512.7058824
30,360000,1,610,590.1639344
30,350000,1,610,573.7704918
30,549096,4,1000,549.096
30,369000,3,1040,354.8076923
30,250000,3,780,320.5128205
30,450096,3,850,529.5247059
30,423600,4,1000,423.6
30,430600,3,850,506.5882353
30,390000,3,872,447.2477064
9,780000,4,1574,495.5527319
30,380000,4,1650,230.3030303
30,600000,4,1502,399.4673768
30,150000,3,595,252.1008403
30,150000,3,595,252.1008403
30,250000,3,670,373.1343284
30,455000,3,1050,433.3333333
30,430000,3,920,467.3913043
30,330000,1,610,540.9836066
30,540000,3,1285,420.233463
30,390000,3,1206,323.3830846
19,310000,3,830,373.4939759
30,285000,3,810,351.8518519
30,375000,3,830,451.8072289
17,320000,3,786,407.1246819
30,250000,3,938,266.5245203
30,250000,3,750,333.3333333
30,299999,3,851,352.5252644
30,370000,4,1650,224.2424242
30,130000,2,871,149.2537313
26,545000,3,1227,444.1727791
30,338000,3,900,375.5555556
30,290000,3,850,341.1764706
30,205000,3,760,269.7368421
30,313333,3,850,368.6270588
10,400100,3,1000,400.1
6,390000,3,800,487.5
30,430000,2,900,477.7777778
30,418000,2,868,481.5668203
30,265000,2,650,407.6923077
30,450000,3,960,468.75
30,399000,3,868,459.6774194
30,428000,3,1000,428
30,399000,3,868,459.6774194
18,379999,3,868,437.7868664
29,430000,2,850,505.8823529
18,379999,3,1013,375.1224087
30,330000,3,850,388.2352941
30,265000,3,850,311.7647059
